{
  "Workflows": [
    {
      "Path": null,
      "SortBy": 0,
      "VariablesSectionElementsOrder": [],
      "ArgumentsSectionElementsOrder": null,
      "ConstantsSectionElementsOrder": [],
      "AddedNamespaces": null
    },
    {
      "Path": "Main.xaml",
      "SortBy": 0,
      "VariablesSectionElementsOrder": [
        "updated_date&Sequence_13",
        "pdf_path&Sequence_1",
        "position&Sequence_1",
        "email&Sequence_1",
        "status&Sequence_1",
        "address&Sequence_1",
        "_date&Sequence_1",
        "name&Sequence_1",
        "HiredCandidates&Sequence_1",
        "hired_dt&Sequence_1",
        "input_dt&Sequence_1"
      ],
      "ArgumentsSectionElementsOrder": [],
      "ConstantsSectionElementsOrder": [],
      "AddedNamespaces": null
    }
  ]
}